ID,Приоритет,Область,Исходное замечание,Реализация,Проверка и ограничения,Статус
R01,P0,Сохранность,"Изношенная броня ломает save, повреждённые предметы теряются при drop/death",Общая долговечность; валидация до удаления источника; защита от повторной смерти,"Все 23 долговечных вида: save/reload, курсор, drop, pickup и death; переполненная сетка; прежние randomized-тесты сохранности",Исправлено; автоматические регрессии пройдены
R02,P0,Сохранения,HP и difficulty откатываются после успешного save,"Захват по ручной команде независимо от старого dirty; билет `{core,stamp}`; отпечаток доменов и ревизии журналов","HP, сложность, еда, явное время, блоки, боссы, вагонетки, варка, предметы/зачарования; гонка изменения после capture",Исправлено; автоматические регрессии пройдены
R03,P0,Миграции,v4 отклоняется; старые генераторы и checksums несовместимы,Чтение 1–6; SHA до нормализации; повторная подпись; сохранение генератора 1–4,6 настоящих экспортов; синтетический v3/g1; подмена payload отвергается; legacy upgrades распределяются по экземплярам,Исправлено; автоматические регрессии пройдены
R04,P1,Измерения,"После перехода в Край 49 колонок, но 0 meshes","Полный remesh, включая заранее загруженные чанки; очистка host upload queue; readiness gate","Предварительный браузерный smoke: Нижний мир, Край и возврат имеют меши и грани; полная матрица 2/4/5 прошла",Исправлено; автоматические регрессии пройдены
R05,P1,Предметы,Курсор и подбор сбрасывают износ инструмента с 200 до 0,"Whole-stack transfers: инвентарь, курсор, подбор, воронка, наковальня, станции, переход измерения",Износ и метаданные сохраняются; два инструмента не объединяются в один стек; открытый крафт не исчезает при переходе,Исправлено; автоматические регрессии пройдены
R06,P1,Боссы и сущности,Нет render payload боссов/кристаллов; кристалл не получает обычную атаку,"Полные render snapshots, собственные модели боссов/кристаллов/черепов/вагонеток, boss HUD; melee и стрелы для кристаллов",Оба вида атак проверены ядром; End smoke получил 11 объектов боя; полный визуально-интерактивный бой требует playtest,Исправлено; автоматические регрессии пройдены
R07,P1,Возрождение,Respawn использует координаты Верхнего мира внутри Нижнего,Возрождение через WorldSession в Верхнем мире; поиск безопасной позиции по текущим блокам,Смерть в Нижнем мире и Крае возвращает к безопасной точке кровати/спауна; записи после возрождения валидны,Исправлено; автоматические регрессии пройдены
R08,P1,Прохождение,"Дракон возвращается после победы, кристаллов становится 20","`dragonEncountered/dragonDefeated`, восстановление старых признаков победы; отдельный ритуал четырёх кристаллов","Победа → выход → save/reload → вход: дракон не возвращается, кристаллы не удваиваются; явный повторный бой создаётся один раз",Исправлено; автоматические регрессии пройдены
R09,P1,Физика,Невидимый пол y=0 под пустотой Края,Отрицательный y не является твёрдым блоком; тело после смерти не продолжает падать; кодек разрешает отрицательные позиции,Пустая загруженная колонка Края → падение → смерть → валидный save; мёртвый игрок не собирает собственный дроп,Исправлено; автоматические регрессии пройдены
R10,P1,Прогрессия,Нет доступного пути к окам/жемчугу/стержням; рецепт лампы циклический,"Новые источники жемчуга/стержней/нити/черепов; рецепты ока, лука, стрел и кристалла; лампа из светокамня; однократный лут","Проверены ресурсные связи, крафт, native fortress spawning и невосполняемый лут; полный непрерывный маршрут «дерево → дракон» человеком не пройден",Реализовано; остаётся ручная/аппаратная приёмка
R11,P1,Управление,После открытия инвентаря и отпускания W движение продолжается,Нейтральный ввод и остановка горизонтального движения при UI/blur/death; отмена действий без случайного выстрела,"Ядро проверяет сброс движения, mining и bow; браузерная проверка реальных W→E→keyup и повторного открытия прошла",Исправлено; автоматические регрессии пройдены
R12,P1,Рендер,После удаления стрел GPU geometries остаются: 25→37→49,Renderer-owned pool: одна геометрия моделей и ограниченные материалы; явное освобождение renderer,Unit-проверка общих ресурсов; браузерный сценарий 20 волн подтвердил плато в настоящем `WebGLRenderer.info.memory`,Исправлено; автоматические регрессии пройдены
R13,P1,Свет,Факел не освещает соседний чанк,"Свет с источниками в соседних колонках, непрозрачные препятствия, локальные кеши; отдельный light attribute в меше",Факел на x=15 даёт 13 с обеих сторон; удаление/преграда пересчитываются; дальняя правка не перестраивает локальный кеш,Исправлено; автоматические регрессии пройдены
R14,P1,Земледелие,Расчёт роста культуры: около 44.5 часа при radius 4,"Индекс активных растений, фиксированная зона 5×5 колонок, 128-тактовый интервал и ограниченная очередь","Одинаковые моменты созревания при radius 2/4/5 для одного seed; расчёт оптимального роста около 6,2 минуты, не часов",Исправлено; автоматические регрессии пройдены
R15,P2,Окружение,Фазы света и солнца не совпадают; солнце/облака активны в других измерениях,"Общая фаза: 0 рассвет, 6000 полдень, 12000 закат, 18000 полночь; отдельное окружение измерений",Численные фазы ядра проверены; sun/clouds отсутствуют в Нижнем мире и Крае; естественный полдень нового биомного мира,Исправлено; автоматические регрессии пройдены
R16,P2,Экипировка,"Зачарование назначается типу предмета, а не экземпляру","Зачарования на экземплярах, их перенос/слияние и отображение в tooltips; старая global map только для миграции",Enchanted/plain инструменты независимы; применяются эффекты добычи/боя/брони; нет автоматического улучшения будущих предметов,Исправлено; автоматические регрессии пройдены
R17,P2,Управление,"F не открывает крафт, второе E не закрывает инвентарь",Общий реестр E/F; повторное нажатие закрывает интерфейс; подсказки и обработчики согласованы,Браузерный сценарий реальных клавиш; текст больше не рекламирует неработающий F,Исправлено; автоматические регрессии пройдены
R18,P1,Выпуск и QA,check падает; cache path расходится; standalone-тесты проверяют 0.6.0,"Стандартный кеш Playwright, общий package version, актуальные standalone-тесты, gate и манифест, исправлен формат исходников",Check и упаковка прошли; полный Chromium gate прошёл; старые HTML защищены от перезаписи,Исправлено; автоматические регрессии пройдены
R19,P2,UX и ощущение игры,"Слабый стартовый вид, перегруженные подсказки, нет аудиосистемы","Более безопасный открытый стартовый вид, светлый первый день, карточка целей, тише HUD, звуки, простая анимация, настройки доступности","Первый опыт и настройки проверяются в браузере; субъективное ощущение, аудиобаланс и длительный playtest требуют людей/оборудования",Реализовано; остаётся ручная/аппаратная приёмка
R20,P2,Архитектура и скорость,"Крупные координаторы, монолитные jobs и частые полные snapshots",Вынесены доменные модули; тяжёлые проекции/отпечатки реже; кеш hotbar; индексы растений и источников; поочерёдный прогрев света; метрики jobs/GPU,Инструментальная проверка в контейнере; гарантии бюджета на настоящем GPU и многократные часовые сессии не установлены,Реализовано; остаётся ручная/аппаратная приёмка
